aircraft,state,date,length,speed,heading,altitude
VH-ZMP,NONE,02/10/2020 14:17:42,7.1,161.0,185.2,10184.0
VH-ZMP,AAA,02/10/2020 14:25:43,7.4,183.0,9.8,10151.0
VH-LJA,NSW,06/07/21 23:47:29,3.9,283.5,6.6,7946.0
VH-LJA,NSW,07/07/21 00:12:36,7.6,195.2,1.2,4967.0
VH-LJA,NSW,07/07/21 00:19:32,8.2,202.5,178.5,4980.0
VH-LJA,NSW,07/07/21 00:27:55,8.1,188.2,0.4,4970.0
VH-LJA,NSW,07/07/21 00:36:07,7.3,194.5,178.7,4977.0
VH-LJA,NSW,07/07/21 00:44:35,7.3,190.8,0.7,4967.0
VH-LJA,NSW,07/07/21 01:05:02,15.6,282.9,187.2,9006.0
VH-LJA,NSW,07/07/21 01:12:55,4.3,283.7,173.2,9003.0
VH-ZMP,NSW,08/10/2020 13:50:34,2.3,235.5,204.7,11158.0
VH-ZMP,NSW,08/10/2020 13:57:56,16.0,250.1,198.7,10177.0
VH-ZMP,NSW,08/10/2020 14:24:38,17.8,149.4,14.4,10075.0
VH-LJJ,NSW,11/11/2020 13:19:10,25.9,410.9,74.2,25961.0
VH-LJJ,NSW,11/11/2020 13:31:27,11.9,311.8,55.3,25879.0
VH-LJJ,NSW,11/11/2020 13:38:54,30.0,305.8,325.5,25925.0
VH-LAB,NSW,14/10/2020 16:00:15,24.2,197.2,243.6,16588.0
VH-LAB,NSW,14/10/2020 16:16:14,24.0,234.6,64.1,16617.0
VH-LAB,WA,17/01/2021 03:44:37,15.3,186.9,178.0,8360.0
VH-LAB,WA,17/01/2021 03:56:50,16.2,181.9,268.7,8346.0
VH-LJA,NSW,25/03/21 22:40:36,4.6,253.5,358.2,12546.0
VH-LJA,NSW,25/03/21 22:50:31,22.0,360.5,10.4,20397.0
VH-LJA,NSW,25/03/21 23:12:06,12.8,369.7,344.3,20564.0
VH-LJA,NSW,25/03/21 23:26:22,7.2,383.9,25.5,21801.0
VH-LJA,NSW,25/03/21 23:45:11,23.5,228.7,301.1,10354.0
VH-LJA,NSW,25/03/21 23:54:49,27.9,272.2,121.7,10322.0
VH-LJA,NSW,27/12/21 06:44:43,12.4,392.2,304.7,31037.0
VH-LJA,NSW,27/12/21 07:22:56,20.0,304.0,211.9,22795.0
VH-LJA,NSW,27/12/21 07:35:51,20.4,330.1,32.1,22815.0
VH-LJA,NSW,27/12/21 07:47:41,21.9,308.5,212.2,22799.0
VH-LJA,NSW,27/12/21 08:21:15,17.9,301.2,203.0,22805.0
VH-LJA,NSW,27/12/21 08:31:06,17.6,320.2,22.5,22818.0
VH-LJA,NSW,27/12/21 08:39:58,17.5,297.7,202.8,22822.0
VH-LJA,NSW,27/12/21 09:21:19,9.5,401.6,99.5,27953.0
VH-LAB,WA,30/10/2020 17:24:57,1.7,215.3,188.1,12480.0
VH-LAB,WA,30/10/2020 17:39:25,7.0,233.5,62.7,12477.0
VH-LAB,WA,30/10/2020 17:47:13,7.1,223.8,40.0,12487.0
VH-ZMP,VIC,30/11/2020 10:42:59,0.0,0.1,333.4,308.0
VH-ZMP,VIC,30/11/2020 11:20:17,24.1,240.2,90.5,20696.0
VH-ZMP,VIC,30/11/2020 11:31:06,23.8,164.1,273.9,20692.0
VH-LJA,VIC,01/01/22 06:39:42,6.4,445.8,247.2,33212.0
VH-LJA,VIC,01/01/22 06:52:03,7.7,411.0,255.4,33196.0
VH-LJA,VIC,01/01/22 07:45:07,15.6,261.2,265.1,15548.0
VH-LJA,VIC,01/01/22 08:04:41,16.7,283.9,85.5,12743.0
VH-LJA,VIC,01/01/22 08:14:03,19.2,258.4,264.5,12746.0
VH-LJA,VIC,01/01/22 08:23:39,20.1,288.4,83.9,12822.0
VH-LJA,VIC,01/01/22 11:53:04,8.5,432.6,253.4,31240.0
VH-LJA,VIC,01/01/22 12:33:41,25.6,259.3,266.8,12454.0
VH-LJA,VIC,01/01/22 12:45:15,24.5,282.8,84.5,12441.0
VH-LJA,VIC,01/01/22 12:55:59,23.0,261.4,264.6,12470.0
VH-LJA,VIC,01/01/22 13:17:44,15.6,295.5,109.9,12497.0
VH-LJA,VIC,01/01/22 13:30:25,21.4,259.3,265.3,12448.0
VH-LJQ,NSW,02/01/2022 11:14:13,12.6,247.4,195.2,10420.0
VH-LJQ,NSW,02/01/2022 11:21:52,13.1,262.0,11.7,10417.0
VH-LJQ,VIC,02/01/2022 11:53:51,8.1,359.0,276.2,31325.0
VH-LJQ,VIC,02/01/2022 12:41:40,17.3,269.0,269.3,16719.0
VH-LJQ,VIC,02/01/2022 13:20:34,24.8,253.9,270.0,12487.0
VH-LJQ,VIC,02/01/2022 13:32:54,28.2,279.6,90.1,12448.0
VH-LJQ,VIC,02/01/2022 19:53:44,16.0,271.8,358.5,12530.0
VH-LJQ,VIC,02/01/2022 20:03:02,14.6,280.1,103.0,12536.0
VH-ZMP,VIC,12/01/2022 05:23:44,5.6,232.1,293.4,16673.0
VH-ZMP,VIC,12/01/2022 05:53:01,9.4,212.4,311.2,11621.0
VH-ZMP,VIC,12/01/2022 06:02:31,10.0,219.8,131.5,11631.0
VH-LJA,NSW,24/12/21 18:02:14,6.2,345.9,276.9,25722.0
VH-LJA,NSW,24/12/21 18:29:31,21.2,421.7,274.0,32392.0
VH-LJA,NSW,24/12/21 18:57:22,27.6,326.5,359.4,22992.0
VH-LJA,NSW,24/12/21 19:10:46,27.4,308.5,179.3,22979.0
VH-LJA,NSW,24/12/21 19:23:51,28.5,326.7,359.8,22989.0
VH-LJA,NSW,24/12/21 19:55:14,12.4,333.4,113.2,28140.0
VH-LJA,NSW,24/12/21 20:10:56,13.6,333.0,106.9,28117.0
VH-LJA,NSW,26/12/21 16:52:52,4.1,332.6,301.8,20804.0
VH-LJA,NSW,26/12/21 17:05:50,16.3,272.3,211.1,15669.0
VH-LJA,NSW,26/12/21 17:13:25,15.9,294.0,31.9,15686.0
VH-LJA,NSW,26/12/21 17:21:55,14.4,266.5,210.8,15591.0
VH-LJA,NSW,26/12/21 17:55:51,17.2,266.1,203.1,15614.0
VH-LJA,NSW,26/12/21 18:04:11,19.5,296.9,23.2,15604.0
VH-LJA,NSW,26/12/21 18:12:52,15.5,272.2,203.1,15692.0
VH-LJA,NSW,28/12/21 07:10:54,18.0,287.2,37.1,16604.0
VH-LJA,NSW,28/12/21 07:19:11,19.6,282.4,217.2,16604.0
VH-LJA,NSW,28/12/21 07:29:14,20.6,283.1,37.9,16581.0
VH-LJA,NSW,29/12/21 07:00:30,19.3,288.8,37.8,16601.0
VH-LJA,NSW,29/12/21 07:09:53,20.0,286.7,218.3,16601.0
VH-LJA,NSW,29/12/21 07:19:18,20.2,283.9,37.8,16588.0
VH-LJA,NSW,29/12/21 07:53:13,19.1,287.5,5.0,16529.0
VH-LJA,NSW,29/12/21 08:01:31,20.2,281.0,184.9,16526.0
VH-LJA,NSW,29/12/21 08:10:04,23.2,286.2,4.7,16529.0
VH-LJQ,VIC,01/01/2022 00:03:07,4.3,321.7,250.8,20696.0
VH-LJQ,VIC,01/01/2022 00:44:13,10.1,387.7,75.7,32260.0
VH-LJA,NSW,02/02/21 16:45:55,1.7,263.3,259.3,12044.0
VH-LJA,NSW,02/02/21 16:50:31,13.4,265.7,223.7,15371.0
VH-LJA,NSW,02/02/21 17:02:48,13.0,337.3,12.2,15338.0
VH-LJA,NSW,02/02/21 17:18:27,12.7,254.0,190.8,15341.0
VH-LJA,NSW,02/02/21 17:24:29,17.8,334.5,19.2,15364.0
VH-LAB,WA,2/02/2021 03:07:36,2.5,204.7,62.0,10548.0
VH-LAB,WA,2/02/2021 03:19:18,19.7,220.3,290.8,12598.0
VH-LAB,WA,2/02/2021 03:29:41,19.4,214.5,111.1,12602.0
VH-LAB,WA,2/02/2021 03:44:16,20.0,223.5,290.7,12605.0
VH-LAB,WA,1/02/2021 21:39:38,20.9,198.1,291.0,10561.0
VH-LAB,WA,1/02/2021 21:49:22,20.1,184.2,111.3,10561.0
VH-LAB,WA,1/02/2021 22:01:15,17.1,198.3,290.8,10558.0
VH-LAB,WA,1/02/2021 22:14:07,21.2,186.7,111.2,10548.0
VH-LAB,WA,2/02/2021 11:27:08,22.1,193.3,99.8,8425.0
VH-LAB,WA,2/02/2021 11:38:46,21.9,195.5,279.8,8422.0
VH-LAB,WA,2/02/2021 11:52:05,21.9,190.1,99.8,8425.0
VH-LAB,WA,2/02/2021 12:07:46,21.5,197.5,278.9,8422.0
VH-LAB,WA,2/02/2021 12:19:20,21.8,192.0,98.7,8412.0
VH-LAB,WA,2/02/2021 12:31:37,21.9,197.9,278.5,8412.0
VH-LAB,WA,2/02/2021 16:45:27,21.9,184.7,278.5,8425.0
VH-LAB,WA,2/02/2021 16:57:37,22.6,159.2,98.8,8415.0
VH-LAB,WA,2/02/2021 17:09:55,22.0,184.7,278.2,8412.0
VH-LAB,WA,2/02/2021 17:22:16,22.6,164.3,98.7,8412.0
VH-LAB,WA,2/02/2021 22:30:20,26.0,185.0,278.6,8366.0
VH-LAB,WA,2/02/2021 22:43:51,24.1,156.3,98.8,8376.0
VH-LAB,WA,2/02/2021 22:59:34,25.8,188.0,278.7,8353.0
VH-LAB,WA,3/02/2021 03:21:46,26.3,156.2,99.0,8366.0
VH-LAB,WA,3/02/2021 03:36:29,25.8,179.6,279.0,8363.0
VH-LAB,WA,3/02/2021 03:49:54,25.0,154.9,99.8,8360.0
VH-LAB,WA,4/02/2021 03:40:51,23.4,198.3,278.9,10246.0
VH-LAB,WA,4/02/2021 03:52:02,23.9,198.9,99.0,10335.0
VH-LAB,WA,4/02/2021 04:04:19,21.1,202.1,278.8,10240.0
VH-LAB,WA,4/02/2021 07:03:16,20.9,198.8,278.6,10082.0
VH-LAB,WA,4/02/2021 07:14:43,13.3,171.2,98.3,10023.0
VH-LAB,WA,4/02/2021 07:24:34,7.4,175.5,98.7,10180.0
VH-LAB,WA,4/02/2021 07:31:59,20.8,207.4,279.4,10187.0
VH-LAB,WA,3/02/2021 22:25:39,23.1,172.0,279.6,8264.0
VH-LAB,WA,3/02/2021 22:38:42,24.1,175.2,97.9,8264.0
VH-LAB,WA,3/02/2021 22:53:03,23.8,175.3,278.9,8258.0
VH-LAB,WA,3/02/2021 23:06:21,24.2,171.6,99.1,8258.0
VH-LAB,WA,3/02/2021 11:46:06,24.1,174.4,278.4,8366.0
VH-LAB,WA,3/02/2021 11:58:57,24.3,175.6,98.6,8366.0
VH-LAB,WA,3/02/2021 12:12:07,24.0,175.4,279.2,8383.0
VH-LAB,WA,3/02/2021 12:33:35,24.5,169.4,99.0,8369.0
VH-LAB,WA,3/02/2021 12:49:27,24.0,173.4,278.3,8369.0
VH-LAB,WA,4/02/2021 10:10:40,3.9,226.8,76.5,10246.0
VH-LAB,WA,4/02/2021 10:23:11,21.1,205.2,278.7,10256.0
VH-LAB,WA,4/02/2021 10:34:18,20.8,177.3,98.6,10259.0
VH-LAB,WA,4/02/2021 10:56:53,20.8,179.6,98.7,10259.0
VH-LAB,WA,16/08/0020 23:59:52,3.3,213.2,3.3,2297.0
VH-LAB,WA,4/02/2021 13:31:53,21.0,212.1,278.8,2438.0
VH-LAB,WA,4/02/2021 13:42:14,21.1,177.2,98.7,4793.0
VH-LAB,WA,4/02/2021 13:58:04,22.5,210.3,278.8,10315.0
VH-LAB,WA,4/02/2021 14:08:19,20.7,173.8,98.1,10325.0
VH-LAB,WA,4/02/2021 14:19:39,20.8,212.0,278.7,10315.0
VH-LAB,WA,4/02/2021 22:26:03,21.2,183.4,279.0,10325.0
VH-LAB,WA,4/02/2021 22:37:57,20.9,174.3,98.7,10328.0
VH-LAB,WA,4/02/2021 22:49:38,16.4,178.9,278.5,10322.0
VH-LAB,WA,4/02/2021 23:03:02,20.8,168.9,98.7,10328.0
VH-LAB,WA,4/02/2021 23:14:29,20.9,171.3,278.7,10305.0
VH-LAB,WA,3/02/2021 16:54:36,23.2,178.8,278.9,7369.0
VH-LAB,WA,3/02/2021 17:06:37,23.2,162.3,99.2,7375.0
VH-LAB,WA,3/02/2021 17:19:47,23.0,177.8,278.7,7365.0
VH-LAB,WA,3/02/2021 17:47:22,23.1,163.7,279.0,7375.0
VH-LAB,WA,3/02/2021 18:00:47,22.5,170.5,98.7,7369.0
VH-LAB,WA,3/02/2021 18:13:58,23.1,175.8,278.9,7365.0
VH-SLF,NSW,04/12/2020 13:48:19,8.8,290.9,249.9,16604.0
VH-SLF,NSW,04/12/2020 14:05:41,9.7,257.4,152.8,16542.0
VH-SLF,NSW,04/12/2020 14:13:52,12.4,237.5,332.5,16572.0
VH-SLF,NSW,04/12/2020 14:28:40,12.8,220.7,197.4,16604.0
VH-LJJ,QLD,05/12/2020 00:21:57,41.1,293.3,23.3,21194.0
VH-LJJ,QLD,04/12/2020 19:35:39,7.9,372.6,19.8,31352.0
VH-LJJ,QLD,04/12/2020 21:00:37,55.5,304.2,22.8,21266.0
VH-LJJ,QLD,04/12/2020 21:20:56,57.2,274.9,203.0,21250.0
VH-LAB,WA,4/02/2021 16:29:35,4.0,197.1,3.5,10259.0
VH-LAB,WA,4/02/2021 16:36:16,20.9,169.6,99.7,10351.0
VH-LAB,WA,4/02/2021 16:47:26,20.8,213.6,278.6,10348.0
VH-LAB,WA,4/02/2021 17:06:02,20.8,171.8,98.7,10364.0
VH-LAB,WA,4/02/2021 17:20:06,11.5,217.0,279.3,10354.0
VH-LAB,WA,4/02/2021 17:39:50,2.5,170.2,120.7,10371.0
VH-LAB,WA,4/02/2021 18:15:48,20.7,162.9,98.2,10361.0
VH-LAB,WA,4/02/2021 18:27:55,20.7,209.5,278.5,10351.0
VH-LAB,WA,4/02/2021 18:38:35,21.1,167.2,99.2,10364.0
VH-LAB,WA,5/01/2021 13:13:54,3.1,164.4,2.7,11243.0
VH-LAB,WA,5/01/2021 13:30:08,30.5,253.4,290.6,15709.0
VH-LAB,WA,5/01/2021 13:43:00,29.0,194.8,110.8,15719.0
VH-LAB,WA,5/01/2021 14:12:40,8.3,217.5,283.0,11555.0
VH-LAB,WA,5/01/2021 14:32:53,7.2,216.0,293.2,11562.0
VH-LAB,WA,5/01/2021 14:39:49,7.3,220.2,277.4,11545.0
VH-LAB,WA,5/01/2021 14:53:17,3.2,147.2,95.1,5249.0
VH-LJA,NONE,05/01/21 12:38:28,3.7,351.1,235.2,15459.0
VH-LJA,NONE,05/01/21 12:39:37,7.5,312.7,237.4,15463.0
VH-LJA,NONE,05/01/21 12:41:03,10.7,273.7,236.9,15387.0
VH-LJA,NONE,05/01/21 12:43:23,2.4,274.3,237.1,15371.0
VH-LJA,NONE,05/01/21 12:45:45,18.6,276.5,236.6,15381.0
VH-LJA,NONE,05/01/21 12:55:08,16.5,267.5,0.0,15397.0
VH-LJA,NONE,05/01/21 13:03:12,20.9,369.1,80.8,15443.0
VH-LJA,NONE,05/01/21 12:34:40,4.0,282.3,264.6,15125.0
VH-LJA,NONE,05/01/21 12:35:41,8.3,322.1,264.6,15472.0
VH-LJA,NONE,05/01/21 12:37:16,1.0,316.9,264.8,15463.0
VH-LAB,WA,5/02/2021 10:39:09,1.6,176.0,337.1,9022.0
VH-LAB,WA,5/02/2021 10:49:33,21.7,178.7,98.7,10282.0
VH-LAB,WA,5/02/2021 11:24:22,19.2,178.4,98.5,10269.0
VH-LAB,WA,5/02/2021 11:35:35,18.3,209.5,278.5,10262.0
VH-LAB,WA,5/02/2021 11:46:06,8.6,173.5,98.7,10279.0
VH-LAB,WA,5/02/2021 13:07:03,2.1,192.1,6.2,8110.0
VH-LAB,WA,16/08/0020 23:59:48,22.7,181.2,98.9,10256.0
VH-LAB,WA,5/02/2021 13:33:16,20.3,203.3,278.7,10276.0
VH-LAB,WA,5/02/2021 13:42:35,11.5,174.0,98.6,10269.0
VH-LAB,WA,5/02/2021 13:54:18,8.0,193.0,278.3,10269.0
VH-LAB,WA,5/02/2021 22:18:08,20.9,195.0,278.8,10312.0
VH-LAB,WA,5/02/2021 22:29:42,20.9,198.0,99.0,10318.0
VH-LAB,WA,5/02/2021 22:40:26,20.9,199.0,279.0,10308.0
VH-LAB,WA,6/01/2021 03:27:18,6.8,217.7,1.5,15807.0
VH-LAB,WA,6/01/2021 03:40:04,31.3,221.0,291.4,15771.0
VH-LAB,WA,6/01/2021 03:54:03,30.8,192.3,111.1,15778.0
VH-LAB,WA,6/01/2021 04:19:30,10.7,180.6,178.5,8297.0
VH-LAB,WA,6/02/2021 02:45:20,20.9,187.2,279.2,10282.0
VH-LAB,WA,6/02/2021 02:55:16,20.9,183.5,98.9,10299.0
VH-LAB,WA,6/02/2021 03:05:13,20.9,181.8,278.7,10295.0
VH-LAB,WA,5/02/2021 16:38:27,2.7,194.3,30.4,10315.0
VH-LAB,WA,5/02/2021 16:42:55,20.8,188.4,98.6,10315.0
VH-LAB,WA,5/02/2021 16:52:44,20.8,196.1,279.0,10322.0
VH-LAB,WA,5/02/2021 17:02:13,20.9,184.2,98.1,10318.0
VH-LAB,WA,5/02/2021 17:13:27,14.7,194.4,278.7,10322.0
VH-LAB,WA,5/02/2021 17:56:59,20.5,189.4,98.8,10318.0
VH-LAB,WA,5/02/2021 18:06:45,20.2,195.4,278.5,10315.0
VH-LAB,WA,5/02/2021 18:15:54,21.4,191.3,98.7,10325.0
VH-LAB,WA,5/02/2021 02:57:30,23.0,176.3,279.4,10249.0
VH-LAB,WA,5/02/2021 03:10:45,22.7,167.5,98.4,10243.0
VH-LAB,WA,5/02/2021 03:22:44,21.1,174.9,278.8,10236.0
VH-LAB,WA,5/02/2021 03:36:51,11.7,170.9,99.0,10266.0
VH-LAB,WA,5/02/2021 03:51:08,22.9,170.5,279.6,10279.0
VH-LAB,WA,5/02/2021 04:04:52,20.7,164.3,99.6,10279.0
VH-LAB,WA,5/02/2021 04:17:59,20.8,169.4,278.7,10272.0
VH-LAB,WA,5/02/2021 04:31:51,8.8,168.8,98.8,10262.0
VH-LAB,WA,5/02/2021 04:45:45,22.8,171.4,278.4,10259.0
VH-LAB,WA,5/02/2021 05:00:30,20.9,167.5,98.8,10230.0
VH-LAB,WA,5/02/2021 05:13:20,20.8,170.4,279.0,10249.0
VH-LAB,WA,5/02/2021 05:27:01,8.1,169.7,98.9,10253.0
VH-LAB,WA,5/02/2021 05:42:46,7.8,150.7,179.7,6066.0
VH-LAB,WA,6/02/2021 06:15:03,20.8,191.3,98.8,10295.0
VH-LAB,WA,6/02/2021 06:24:42,20.9,194.9,278.7,10305.0
VH-LAB,WA,6/02/2021 06:34:07,20.9,193.2,98.8,10299.0
VH-LJJ,NSW,06/11/2020 10:25:18,3.0,318.6,249.5,15407.0
VH-LJJ,NSW,06/11/2020 10:31:23,14.6,244.2,262.4,15394.0
VH-LJJ,NSW,06/11/2020 10:42:02,13.8,277.8,89.9,15410.0
VH-LJJ,NSW,06/11/2020 10:56:42,4.6,272.5,39.0,15367.0
VH-LAB,WA,7/11/2020 04:43:40,10.4,205.7,272.1,8104.0
VH-LAB,WA,7/11/2020 04:53:57,10.1,211.0,92.1,10164.0
VH-LAB,WA,7/11/2020 05:05:34,23.9,217.8,272.8,14419.0
VH-LAB,WA,7/11/2020 05:23:28,17.0,224.8,92.3,14426.0
VH-LAB,WA,7/11/2020 05:31:47,16.9,211.7,270.9,14423.0
VH-LAB,WA,7/01/2021 02:18:55,8.0,226.6,358.4,15699.0
VH-LAB,WA,7/01/2021 02:29:46,30.7,229.9,290.6,15705.0
VH-LAB,WA,7/01/2021 02:42:39,30.6,227.7,110.8,15696.0
VH-LAB,WA,7/01/2021 03:05:52,16.3,213.4,215.9,8340.0
VH-LAB,WA,7/01/2021 03:18:09,9.2,200.6,269.4,8340.0
VH-LAB,WA,8/01/2021 03:00:22,1.5,173.2,0.0,10643.0
VH-LAB,WA,8/01/2021 03:07:55,11.5,215.6,290.4,15702.0
VH-LAB,WA,8/01/2021 03:19:25,30.4,220.9,290.5,15712.0
VH-LAB,WA,8/01/2021 03:32:14,30.1,233.5,110.8,15702.0
VH-LAB,WA,8/01/2021 03:45:46,30.5,221.7,291.4,15722.0
VH-LAB,WA,8/01/2021 04:19:10,13.0,222.3,290.8,15669.0
VH-LAB,WA,8/02/2021 12:24:09,7.0,221.3,345.8,16457.0
VH-LAB,WA,8/02/2021 13:06:53,4.1,221.8,345.0,16542.0
VH-LAB,WA,8/02/2021 14:02:03,30.9,205.0,71.6,16585.0
VH-LAB,WA,8/02/2021 14:18:17,36.1,208.3,107.3,16601.0
VH-LAB,WA,8/02/2021 14:39:11,42.8,206.7,101.4,16611.0
VH-LAB,WA,9/01/2021 03:50:07,1.5,155.3,4.5,13921.0
VH-LAB,WA,9/01/2021 04:06:36,0.2,201.9,282.6,13671.0
VH-LAB,NONE,8/12/2020 09:46:23,0.0,0.0,240.2,62.0
VH-LAB,NONE,8/12/2020 09:50:13,0.0,0.0,124.5,82.0
VH-LAB,NONE,8/12/2020 09:52:38,0.0,0.0,38.2,85.0
VH-LAB,NONE,8/12/2020 09:55:08,0.0,0.0,180.2,69.0
VH-LAB,NONE,11/12/2020 00:41:55,3.9,251.5,158.5,23871.0
VH-LAB,NONE,11/12/2020 00:48:21,62.2,223.6,180.8,23855.0
VH-LAB,WA,9/01/2021 15:42:39,10.1,280.5,168.4,19908.0
VH-LAB,WA,9/01/2021 16:07:12,9.8,226.2,90.7,12543.0
VH-LAB,WA,9/01/2021 16:18:24,10.8,162.0,312.3,12556.0
VH-LAB,WA,9/01/2021 16:23:48,10.1,156.0,312.4,12556.0
VH-LAB,WA,9/01/2021 16:34:23,10.2,158.6,312.4,12628.0
VH-LAB,WA,9/01/2021 16:47:18,10.2,227.4,133.2,12592.0
VH-LAB,WA,9/01/2021 16:50:38,11.0,225.3,132.9,12612.0
VH-LAB,WA,9/01/2021 17:00:19,9.2,153.6,314.3,12625.0
VH-LAB,WA,9/01/2021 17:12:43,10.4,154.3,313.9,12628.0
VH-LAB,WA,12/12/2020 18:12:52,12.0,266.9,54.8,4245.0
VH-LAB,WA,12/12/2020 15:20:19,34.1,260.7,27.0,23117.0
VH-LAB,WA,12/12/2020 15:33:16,32.1,237.7,205.9,23097.0
VH-LAB,WA,9/01/2021 12:44:29,3.9,158.1,4.8,8202.0
VH-LAB,WA,9/01/2021 13:06:15,30.9,184.5,290.6,12661.0
VH-LAB,WA,9/01/2021 13:20:23,30.7,234.5,110.6,12661.0
VH-LAB,WA,9/01/2021 13:33:09,30.6,179.6,290.6,12671.0
VH-LAB,WA,9/01/2021 14:05:33,13.0,184.5,269.9,12657.0
VH-LAB,WA,13/02/2021 15:46:15,24.4,208.5,278.7,16821.0
VH-LAB,WA,13/02/2021 16:01:39,19.9,211.2,28.6,16837.0
VH-LAB,WA,13/02/2021 16:18:50,17.4,212.2,35.5,16827.0
VH-LAB,WA,13/02/2021 16:32:13,5.8,202.8,248.6,16841.0
VH-LAB,WA,13/02/2021 16:39:23,13.6,211.5,249.2,16818.0
VH-LAB,WA,13/02/2021 16:49:12,22.9,216.3,280.4,16827.0
VH-LAB,WA,13/02/2021 17:00:00,10.9,210.9,282.0,16818.0
VH-LAB,WA,13/02/2021 17:16:12,27.2,206.8,130.4,16818.0
VH-LAB,WA,13/02/2021 17:29:25,15.7,203.0,188.6,16837.0
VH-LAB,WA,13/02/2021 17:40:42,45.0,204.3,223.2,16844.0
VH-LRX,TRAINING,13/11/2020 08:53:06,9.9,217.8,273.3,3245.0
VH-LRX,TRAINING,13/11/2020 09:19:50,6.4,262.1,323.4,20354.0
VH-LRX,TRAINING,13/11/2020 09:24:16,20.7,240.2,319.7,20354.0
VH-LRX,TRAINING,13/11/2020 09:40:23,20.3,306.3,184.4,20358.0
VH-LRX,TRAINING,13/11/2020 09:48:06,10.6,241.0,229.6,15148.0
VH-LRX,TRAINING,13/11/2020 09:56:45,10.4,256.3,74.6,10246.0
VH-LAB,WA,15/12/2020 12:05:13,18.9,238.6,180.1,15515.0
VH-LAB,WA,15/12/2020 12:16:23,15.1,263.8,89.7,15505.0
VH-LAB,WA,15/12/2020 12:25:14,14.6,234.6,187.9,15469.0
VH-LAB,WA,14/02/2021 10:08:53,15.8,255.6,227.4,25531.0
VH-LAB,WA,14/02/2021 11:33:12,20.6,206.9,224.2,16808.0
VH-LAB,WA,14/02/2021 11:44:17,30.0,178.1,305.4,16798.0
VH-LAB,WA,14/02/2021 11:58:17,7.8,174.6,305.4,16775.0
VH-LAB,WA,14/02/2021 12:07:55,30.1,189.7,260.2,16775.0
VH-LAB,WA,14/02/2021 12:22:39,14.0,187.4,260.6,16765.0
VH-LAB,WA,14/02/2021 12:49:19,31.5,196.5,71.1,16739.0
VH-LAB,WA,14/02/2021 13:04:32,36.9,206.8,107.6,16742.0
VH-LAB,WA,14/02/2021 13:22:15,23.3,207.0,102.4,16762.0
VH-LAB,WA,14/02/2021 13:31:15,7.9,207.6,101.3,16775.0
VH-LAB,WA,15/12/2020 16:06:27,15.7,237.5,351.3,20801.0
VH-LAB,WA,15/12/2020 16:22:53,33.1,235.0,353.1,20906.0
VH-LAB,WA,15/12/2020 16:34:24,32.8,246.9,174.0,20915.0
VH-LAB,WA,15/12/2020 16:45:23,32.8,235.3,354.9,20909.0
VH-LRX,VIC,16/11/2020 00:46:28,9.1,323.3,253.6,32431.0
VH-LRX,VIC,16/11/2020 01:28:19,8.0,355.3,256.3,30702.0
VH-LRX,VIC,16/11/2020 02:04:28,15.0,240.5,359.7,20676.0
VH-LRX,VIC,16/11/2020 02:27:51,16.0,351.4,180.2,20679.0
VH-LRX,VIC,16/11/2020 02:39:30,16.0,250.2,0.0,20650.0
VH-LRX,VIC,16/11/2020 02:57:27,12.3,296.2,32.1,20748.0
VH-LRX,VIC,16/11/2020 20:39:45,0.0,0.1,30.7,384.0
VH-LRX,VIC,16/11/2020 21:18:22,5.8,351.6,255.2,30945.0
VH-LRX,VIC,16/11/2020 21:47:56,10.6,343.2,262.8,27464.0
VH-LRX,VIC,16/11/2020 22:12:08,23.8,323.7,359.7,20577.0
VH-LRX,VIC,16/11/2020 22:22:11,23.2,270.7,180.1,20584.0
VH-LRX,VIC,16/11/2020 22:30:49,23.0,316.4,359.4,20591.0
VH-LRX,NSW,16/11/2020 22:56:53,11.8,382.0,87.7,25705.0
VH-LAB,WA,13/12/2020 09:02:16,5.9,193.5,76.3,12162.0
VH-LAB,WA,13/12/2020 09:32:20,4.8,257.0,125.5,21089.0
VH-LAB,WA,13/12/2020 09:59:56,55.6,248.4,151.0,21112.0
VH-LAB,WA,13/12/2020 10:25:12,52.8,257.7,9.1,21089.0
VH-LAB,WA,13/12/2020 10:43:00,22.5,243.2,309.6,21096.0
VH-LAB,WA,13/12/2020 10:52:36,85.7,260.0,103.6,21102.0
VH-LAB,WA,13/12/2020 11:20:29,41.9,230.0,270.3,21096.0
VH-LAB,WA,13/12/2020 11:35:10,18.5,234.7,279.5,21099.0
VH-LAB,WA,13/12/2020 11:42:47,57.6,260.1,113.2,21099.0
VH-LAB,WA,13/12/2020 12:01:14,44.7,258.3,154.6,21083.0
VH-LAB,WA,13/12/2020 12:24:38,70.9,237.6,206.1,21070.0
VH-LAB,WA,16/12/2020 16:04:15,5.9,241.2,344.3,20768.0
VH-LAB,WA,16/12/2020 16:23:08,34.8,242.0,354.7,20883.0
VH-LAB,WA,16/12/2020 16:35:03,31.8,242.5,174.2,20886.0
VH-LAB,WA,16/12/2020 16:46:28,30.6,242.6,355.4,20886.0
VH-LAB,WA,16/12/2020 17:33:45,9.7,210.6,164.0,10384.0
VH-LAB,WA,13/02/2021 09:35:03,6.6,236.9,73.5,16906.0
VH-LAB,WA,13/02/2021 09:47:23,44.2,204.9,143.1,16916.0
VH-LAB,WA,13/02/2021 10:06:57,31.7,201.8,80.6,16906.0
VH-LAB,WA,13/02/2021 10:21:37,35.0,205.2,147.2,16909.0
VH-LAB,WA,13/02/2021 10:38:50,24.7,205.6,103.1,16913.0
VH-LAB,WA,13/02/2021 10:53:22,46.1,207.3,63.0,16913.0
VH-LAB,WA,13/02/2021 11:10:02,35.0,208.0,244.6,16916.0
VH-LAB,WA,13/02/2021 11:31:09,29.8,210.4,43.0,16913.0
VH-LAB,WA,13/02/2021 11:49:36,37.6,204.2,117.5,16883.0
VH-LAB,WA,13/02/2021 12:03:25,26.1,213.4,11.0,16893.0
VH-LAB,WA,13/02/2021 12:19:48,31.7,209.5,106.1,16883.0
VH-LAB,WA,13/02/2021 12:34:59,32.8,200.0,156.5,16880.0
VH-LAB,WA,13/02/2021 12:49:35,22.2,210.1,47.9,16877.0
VH-LAB,WA,13/02/2021 13:03:14,54.3,204.6,38.1,16877.0
VH-LAB,WA,17/01/2021 03:44:37,15.3,186.9,178.0,8360.0
VH-LAB,WA,17/01/2021 03:56:50,16.2,181.9,268.7,8346.0
VH-LAB,WA,18/12/2020 02:32:58,4.3,169.6,338.8,12257.0
VH-LAB,WA,18/12/2020 03:05:54,16.6,211.2,358.8,15558.0
VH-LAB,WA,18/12/2020 03:14:38,16.5,211.0,179.5,15558.0
VH-LAB,WA,19/08/2021 08:38:51,23.4,201.2,29.6,18911.0
VH-LAB,WA,19/08/2021 08:50:02,24.8,199.9,208.9,18907.0
VH-LAB,NSW,21/10/2020 12:45:52,1.5,211.5,198.8,12290.0
VH-LAB,WA,22/03/2021 08:54:35,5.1,272.4,43.9,28169.0
VH-LAB,WA,19/08/2021 13:25:42,23.9,201.0,28.8,18885.0
VH-LAB,WA,19/08/2021 13:35:55,24.3,199.4,210.1,18888.0
VH-LRX,NSW,18/12/2020 14:07:58,6.1,229.9,260.5,9396.0
VH-LRX,NSW,18/12/2020 14:35:00,17.9,227.9,0.3,10397.0
VH-LJJ,NSW,17/12/2020 11:48:50,0.1,7.2,210.8,390.0
VH-LJJ,NSW,17/12/2020 11:55:20,23.6,273.8,54.9,5335.0
VH-LJJ,NSW,17/12/2020 12:07:43,15.0,166.0,225.0,2533.0
VH-LAB,WA,21/01/2021 16:11:06,4.9,172.6,182.9,9222.0
VH-LAB,WA,21/01/2021 16:38:50,18.4,196.4,179.8,15764.0
VH-LAB,WA,21/01/2021 16:49:43,14.7,192.1,359.0,15755.0
VH-LAB,WA,21/01/2021 17:04:41,18.5,200.4,92.8,15755.0
VH-LAB,WA,21/01/2021 17:16:19,20.1,188.9,273.0,15758.0
VH-LAB,WA,21/01/2021 17:32:59,13.6,181.6,0.4,15758.0
VH-LAB,WA,21/01/2021 17:43:46,14.7,224.0,179.5,15758.0
VH-LAB,WA,22/07/2021 12:58:24,11.0,203.1,94.8,4948.0
VH-LAB,WA,22/07/2021 13:12:26,9.1,169.1,274.5,4944.0
VH-LAB,WA,22/07/2021 13:19:56,4.8,200.3,94.8,4974.0
VH-LAB,WA,22/07/2021 13:26:53,6.0,181.9,175.1,4954.0
VH-LAB,WA,22/07/2021 13:34:21,6.4,189.9,355.3,4954.0
VH-LAB,WA,22/07/2021 13:42:32,10.9,180.7,174.5,4852.0
VH-LAB,WA,22/07/2021 13:49:23,10.4,190.8,355.7,4856.0
VH-LAB,WA,22/07/2021 13:59:52,12.0,191.9,145.6,4934.0
VH-LAB,WA,22/07/2021 14:06:03,10.7,185.9,332.7,4921.0
VH-LAB,WA,23/03/2021 11:51:10,33.3,218.7,102.6,19029.0
VH-LAB,WA,23/03/2021 12:04:08,12.4,219.0,67.1,19026.0
VH-LAB,WA,23/03/2021 12:07:56,10.1,219.8,73.6,19019.0
VH-LAB,WA,23/03/2021 12:13:04,37.6,214.0,43.2,19022.0
VH-LAB,WA,23/03/2021 12:31:58,16.6,201.9,223.4,19016.0
VH-LJJ,QLD,22/12/2020 20:39:57,11.2,344.2,20.6,24596.0
VH-LJJ,QLD,22/12/2020 23:12:58,12.4,344.4,356.5,21243.0
VH-LJJ,QLD,22/12/2020 23:34:55,53.2,301.2,202.9,21240.0
VH-LJJ,QLD,22/12/2020 23:52:00,59.6,274.2,23.0,21237.0
VH-LJJ,QLD,23/12/2020 00:10:22,20.9,300.1,203.1,21250.0
VH-LJJ,QLD,23/12/2020 00:18:49,13.8,282.4,23.9,21237.0
VH-LJJ,QLD,23/12/2020 00:28:34,40.8,303.1,203.0,21234.0
VH-ZMP,VIC,24/01/2021 21:04:24,4.0,225.5,284.4,17264.0
VH-ZMP,VIC,24/01/2021 21:31:32,13.5,194.9,10.2,10702.0
VH-ZMP,VIC,24/01/2021 21:40:17,14.6,234.2,190.1,10692.0
VH-LAB,WA,24/01/2021 04:48:04,24.3,165.9,319.7,12283.0
VH-LAB,WA,24/01/2021 05:03:03,20.1,219.8,139.7,12287.0
VH-ZMP,SA,25/01/2021 00:59:36,16.9,194.8,359.3,14547.0
VH-ZMP,SA,25/01/2021 01:09:08,16.9,235.2,179.5,13504.0
VH-ZMP,SA,25/01/2021 01:17:40,16.6,208.2,1.1,13474.0
VH-ZMP,SA,25/01/2021 01:31:10,17.6,227.7,98.0,13458.0
VH-ZMP,SA,25/01/2021 01:39:59,19.2,221.1,285.9,12940.0
VH-LAB,WA,22/03/2021 14:24:48,18.3,209.4,233.2,18957.0
VH-LAB,WA,22/03/2021 14:37:09,35.5,209.0,297.1,18963.0
VH-LAB,WA,22/03/2021 15:02:37,24.4,207.2,209.3,18970.0
VH-LAB,WA,22/03/2021 15:16:09,32.1,206.6,224.6,18960.0
VH-LAB,WA,22/03/2021 15:31:35,49.1,205.7,243.5,18940.0
VH-LAB,WA,22/03/2021 15:51:46,21.0,209.5,283.8,18963.0
VH-LAB,WA,22/03/2021 16:04:04,33.9,213.6,327.0,18973.0
VH-LAB,WA,22/03/2021 16:19:09,31.6,211.8,261.0,18970.0
VH-LAB,WA,22/03/2021 16:33:38,39.2,218.6,323.8,18996.0
VH-LAB,WA,22/03/2021 16:51:06,24.2,226.8,0.2,19006.0
VH-LAB,WA,23/03/2021 12:31:51,17.0,201.9,223.4,19019.0
VH-LAB,WA,23/01/2021 22:56:46,10.0,260.3,92.2,15486.0
VH-LAB,WA,23/01/2021 23:27:12,13.9,261.2,91.8,15486.0
VH-LAB,WA,24/01/2021 00:24:46,27.2,217.5,29.4,10499.0
VH-LAB,WA,24/01/2021 00:36:56,27.4,197.1,209.3,10489.0
VH-LAB,WA,24/01/2021 00:49:23,27.0,204.3,28.5,10489.0
VH-LAB,WA,24/01/2021 01:02:12,27.2,191.9,208.7,10482.0
VH-LAB,WA,24/01/2021 01:14:44,27.0,205.0,29.8,10482.0
VH-LAB,WA,24/01/2021 01:47:53,10.4,202.0,189.2,10446.0
VH-LAB,WA,24/01/2021 02:09:58,22.5,201.3,38.8,10443.0
VH-LAB,WA,24/01/2021 02:20:33,10.1,191.8,218.4,10482.0
VH-ZMP,SA,25/01/2021 07:20:03,8.5,208.2,87.6,8412.0
VH-ZMP,SA,25/01/2021 07:27:22,15.4,215.8,268.0,9449.0
VH-ZMP,SA,25/01/2021 07:36:13,17.1,208.7,90.8,9462.0
VH-LJA,NSW,24/11/20 13:58:54,16.6,303.1,0.0,20512.0
VH-LJA,NONE,24/03/21 14:29:18,3.4,280.0,16.0,16280.0
VH-LJA,NSW,24/03/21 14:36:39,49.0,289.8,12.1,16325.0
VH-LJA,NSW,25/03/21 22:40:36,4.6,253.5,358.2,12546.0
VH-LJA,NSW,25/03/21 22:50:31,22.0,360.5,10.4,20397.0
VH-LJA,NSW,25/03/21 23:12:06,12.8,369.7,344.3,20564.0
VH-LJA,NSW,25/03/21 23:26:22,7.2,383.9,25.5,21801.0
VH-LJA,NSW,25/03/21 23:45:11,23.5,228.7,301.1,10354.0
VH-LJA,NSW,25/03/21 23:54:49,27.9,272.2,121.7,10322.0
VH-LJA,NSW,26/03/21 00:06:11,33.6,257.6,302.7,10358.0
VH-LJA,NSW,26/03/21 00:32:40,15.6,244.2,268.4,10430.0
VH-LJA,NSW,26/03/21 00:41:08,18.4,277.9,90.5,10476.0
VH-LJA,NSW,26/03/21 00:52:17,18.0,249.8,271.3,10256.0
VH-LAB,WA,25/11/2020 02:43:46,10.0,287.7,89.1,21900.0
VH-LAB,WA,25/11/2020 03:28:14,2.9,220.4,303.7,21952.0
VH-LAB,WA,25/11/2020 05:44:32,5.5,219.1,120.0,12959.0
VH-LAB,WA,25/11/2020 06:00:06,3.7,271.1,119.4,21991.0
VH-LAB,WA,25/11/2020 06:01:20,7.8,271.5,119.3,21991.0
VH-LAB,WA,25/11/2020 06:16:15,21.7,268.6,181.5,21969.0
VH-LAB,NSW,27/10/2020 14:23:10,5.9,256.3,198.4,15259.0
VH-LAB,NSW,27/10/2020 14:27:26,5.5,257.9,198.5,15256.0
VH-LJJ,QLD,27/11/2020 14:06:49,7.0,291.9,335.4,18852.0
VH-LJJ,QLD,27/11/2020 15:57:14,61.1,252.5,198.2,21181.0
VH-LJJ,QLD,27/11/2020 19:13:57,3.5,331.6,6.5,26496.0
VH-LJJ,QLD,27/11/2020 19:30:53,33.3,310.7,199.1,26467.0
VH-LJJ,QLD,27/11/2020 19:37:49,18.3,300.7,196.8,26457.0
VH-LJJ,QLD,27/11/2020 19:47:49,52.4,338.4,19.1,26470.0
VH-ZMP,OTHER,28/11/2020 10:39:20,8.8,231.3,198.5,14636.0
VH-ZMP,OTHER,28/11/2020 10:50:30,8.6,230.3,16.5,14580.0
VH-ZMP,OTHER,28/11/2020 11:03:30,8.6,177.5,16.9,24124.0
VH-LRX,NSW,28/11/2020 15:24:05,7.1,331.8,247.7,31627.0
VH-LRX,NSW,28/11/2020 16:25:07,18.3,294.0,145.9,12536.0
VH-LRX,NSW,28/11/2020 16:36:30,13.9,243.4,324.1,12559.0
VH-LRX,NSW,28/11/2020 16:46:41,18.3,299.9,145.7,12602.0
VH-LJJ,NSW,29/11/2020 17:25:37,10.3,325.6,72.5,15689.0
VH-LJJ,NSW,29/11/2020 17:29:35,10.0,314.7,69.6,15656.0
VH-LJJ,NSW,29/11/2020 17:39:30,9.8,219.2,251.2,15656.0
VH-LJJ,NSW,29/11/2020 17:45:10,10.6,205.2,252.0,15673.0
VH-LJJ,NSW,29/11/2020 17:55:47,8.6,213.0,254.5,15696.0
VH-LJJ,NSW,29/11/2020 18:04:45,9.0,301.4,72.2,15643.0
VH-LAB,WA,24/06/2021 12:12:30,7.5,223.4,152.5,17530.0
VH-LAB,WA,24/06/2021 12:57:10,15.5,141.6,162.1,2946.0
VH-LAB,WA,24/06/2021 13:08:28,15.2,141.9,341.6,2953.0
VH-LAB,WA,24/06/2021 13:20:03,6.1,141.9,163.0,3028.0
VH-LAB,WA,24/06/2021 13:28:30,10.3,140.8,163.1,3028.0
VH-LAB,WA,24/06/2021 13:41:25,9.7,157.3,88.5,3031.0
VH-LAB,WA,24/06/2021 13:50:25,10.3,137.7,269.0,3009.0
VH-LAB,WA,24/06/2021 13:58:29,9.8,144.4,0.8,3012.0
VH-LAB,WA,24/06/2021 14:06:36,10.5,135.1,250.4,2953.0
VH-LAB,WA,24/06/2021 14:16:28,9.6,149.3,69.5,2949.0
VH-LAB,WA,24/06/2021 14:24:50,10.2,136.1,251.3,2956.0
VH-LRX,NSW,30/11/2020 00:27:15,8.0,287.7,334.6,24140.0
VH-LRX,NSW,30/11/2020 01:35:30,9.9,318.9,26.1,24462.0
VH-LRX,QLD,30/11/2020 02:14:03,57.8,300.4,19.1,24511.0
VH-LRX,QLD,30/11/2020 02:32:10,61.0,310.5,196.0,24501.0
VH-LRX,QLD,29/11/2020 00:48:20,9.5,424.4,12.8,32789.0
VH-LRX,QLD,29/11/2020 01:44:30,50.2,354.1,17.6,26549.0
VH-LRX,QLD,29/11/2020 01:57:54,57.6,316.8,198.8,26572.0
VH-LRX,QLD,29/11/2020 02:18:43,0.4,336.2,17.7,26444.0
VH-LRX,QLD,29/11/2020 02:19:21,38.5,336.5,18.7,26450.0
VH-LRX,QLD,29/11/2020 02:31:48,63.2,314.6,198.6,26444.0
VH-ZMP,VIC,30/11/2020 10:42:59,0.0,0.1,333.4,308.0
VH-ZMP,VIC,30/11/2020 11:20:17,24.1,240.2,90.5,20696.0
VH-ZMP,VIC,30/11/2020 11:31:06,23.8,164.1,273.9,20692.0
VH-LAB,WA,30/10/2020 19:12:53,17.1,206.0,1.3,12500.0
VH-LAB,WA,30/10/2020 19:23:59,17.5,214.8,180.2,12500.0
VH-ZMP,VIC,30/11/2020 14:15:40,22.8,260.8,87.4,12310.0
VH-ZMP,VIC,30/11/2020 14:23:24,24.2,221.2,268.4,12290.0
VH-ZMP,VIC,30/11/2020 17:02:03,18.8,300.2,87.1,26047.0
VH-ZMP,VIC,30/11/2020 17:11:23,27.9,190.1,268.1,26020.0
VH-LAB,WA,28/07/2021 12:35:31,2.2,211.5,55.8,11480.0
VH-LAB,WA,28/07/2021 12:45:09,10.1,199.3,104.5,13005.0
VH-LAB,WA,28/07/2021 13:04:48,10.3,184.6,108.9,4931.0
VH-LAB,WA,28/07/2021 13:21:12,10.1,165.2,284.4,4921.0
VH-LAB,WA,28/07/2021 13:30:49,7.2,174.4,180.1,4925.0
VH-LAB,WA,28/07/2021 13:40:31,13.1,179.3,124.9,4941.0
VH-LAB,WA,28/07/2021 13:51:12,0.0,202.7,167.4,4957.0
VH-LAB,WA,28/07/2021 13:51:16,5.1,203.8,167.4,4938.0
VH-LAB,WA,28/07/2021 13:53:22,15.5,179.4,167.9,4918.0
VH-LAB,WA,31/10/2020 12:31:04,11.2,240.4,77.2,15394.0
VH-LAB,WA,31/10/2020 12:38:29,10.3,243.4,77.5,15413.0
VH-LAB,WA,31/10/2020 13:00:45,22.2,191.9,90.4,10512.0
VH-LAB,WA,31/10/2020 13:14:58,23.6,173.8,270.2,10492.0
VH-LAB,WA,31/10/2020 13:34:53,20.3,211.9,180.0,10492.0
VH-LAB,WA,31/10/2020 13:47:13,15.4,177.3,0.1,10482.0
VH-LAB,WA,31/10/2020 13:56:51,14.2,213.3,179.5,10479.0
VH-LJA,VIC,01/01/22 06:39:42,6.4,445.8,247.2,33212.0
VH-LJA,VIC,01/01/22 06:52:03,7.7,411.0,255.4,33196.0
VH-LJA,VIC,01/01/22 07:45:07,15.6,261.2,265.1,15548.0
VH-LJA,VIC,01/01/22 08:04:41,16.7,283.9,85.5,12743.0
VH-LJA,VIC,01/01/22 08:14:03,19.2,258.4,264.5,12746.0
VH-LJA,VIC,01/01/22 08:23:39,20.1,288.4,83.9,12822.0
VH-LJA,VIC,01/01/22 11:53:04,8.5,432.6,253.4,31240.0
VH-LJA,VIC,01/01/22 12:33:41,25.6,259.3,266.8,12454.0
VH-LJA,VIC,01/01/22 12:45:15,24.5,282.8,84.5,12441.0
VH-LJA,VIC,01/01/22 12:55:59,23.0,261.4,264.6,12470.0
VH-LJA,VIC,01/01/22 13:17:44,15.6,295.5,109.9,12497.0
VH-LJA,VIC,01/01/22 13:30:25,21.4,259.3,265.3,12448.0
VH-LJA,VIC,01/01/22 17:47:06,23.9,240.9,271.0,12428.0
VH-LJA,VIC,01/01/22 17:58:19,24.6,259.4,89.8,12434.0
VH-LJA,VIC,01/01/22 18:28:56,13.3,239.1,16.3,12470.0
VH-LJA,VIC,01/01/22 18:38:51,15.0,242.5,198.1,12497.0
VH-LAB,WA,8/01/2022 14:51:38,2.9,251.7,350.0,28530.0
VH-LAB,WA,8/01/2022 15:18:07,20.4,229.1,65.7,23255.0
VH-LAB,WA,8/01/2022 15:46:06,19.3,238.6,204.8,23228.0
VH-LAB,WA,8/01/2022 15:51:14,43.9,240.1,205.0,23235.0
VH-LAB,WA,8/01/2022 16:06:24,31.7,254.5,24.9,23228.0
VH-LAB,WA,8/01/2022 16:13:51,35.5,251.8,24.1,23219.0
VH-LAB,WA,8/01/2022 16:25:13,24.0,240.6,205.0,23241.0
VH-LAB,WA,8/01/2022 16:31:22,30.3,239.7,204.9,23225.0
VH-LAB,WA,8/01/2022 16:46:14,30.8,257.3,25.2,23212.0
VH-LAB,WA,8/01/2022 23:03:25,5.7,221.2,342.9,27195.0
VH-LAB,WA,9/01/2022 00:04:58,5.0,241.1,0.6,27448.0
VH-LAB,WA,9/01/2022 00:14:33,35.7,247.4,29.3,27470.0
VH-LAB,WA,9/01/2022 00:23:11,34.3,249.5,29.4,27477.0
VH-LAB,WA,9/01/2022 00:57:19,23.5,230.6,252.8,27470.0
VH-LAB,WA,9/01/2022 01:25:52,34.7,232.8,209.0,27457.0
VH-LAB,WA,9/01/2022 01:34:50,35.8,230.0,209.5,27431.0
VH-LAB,WA,9/01/2022 01:46:50,34.7,251.6,30.0,27428.0
VH-LAB,WA,9/01/2022 01:55:08,34.7,251.3,29.8,27428.0
VH-LAB,WA,9/01/2022 02:08:30,34.4,234.0,209.5,27425.0
VH-LAB,WA,9/01/2022 02:17:21,35.9,233.9,210.6,27408.0
VH-LAB,WA,8/01/2022 01:17:39,2.8,252.7,359.4,23225.0
VH-LAB,WA,8/01/2022 01:51:15,38.6,255.9,21.1,23297.0
VH-LAB,WA,8/01/2022 02:00:17,37.3,261.3,21.2,23264.0
VH-LAB,WA,8/01/2022 02:12:44,37.4,232.0,200.6,23268.0
VH-LAB,WA,8/01/2022 02:22:19,35.1,237.7,201.0,23264.0
VH-LAB,WA,8/01/2022 02:34:20,34.8,241.0,20.8,23255.0
VH-LAB,WA,8/01/2022 02:43:04,34.4,236.6,21.0,23258.0
VH-LAB,WA,8/01/2022 02:55:16,31.6,240.7,200.6,23255.0
VH-LAB,WA,8/01/2022 03:03:17,34.2,229.3,201.1,23248.0
VH-LAB,WA,8/01/2022 03:15:29,35.7,236.4,21.4,23245.0
VH-LAB,WA,8/01/2022 03:51:37,26.7,218.1,248.8,23287.0
VH-LAB,WA,8/12/2021 23:18:57,11.0,180.8,174.0,10558.0
VH-LAB,WA,8/12/2021 23:34:14,10.7,176.3,353.3,10554.0
VH-LAB,WA,8/12/2021 21:02:47,6.6,251.5,182.3,10656.0
VH-LAB,WA,8/12/2021 21:30:02,11.2,177.0,174.4,10558.0
VH-LAB,WA,8/12/2021 21:37:56,11.0,170.2,353.5,10541.0
VH-LAB,WA,8/12/2021 21:46:16,10.2,180.5,174.1,10558.0
VH-LAB,WA,8/12/2021 21:53:54,10.2,176.2,353.8,10541.0
VH-LAB,WA,9/12/2021 03:34:04,3.8,231.8,205.4,10571.0
VH-LAB,WA,9/12/2021 03:57:36,10.3,176.3,173.7,10525.0
VH-LAB,WA,9/12/2021 04:06:15,10.3,173.5,353.5,10518.0
VH-LAB,WA,8/01/2022 06:05:42,23.3,215.8,68.9,23294.0
VH-LAB,WA,8/01/2022 06:30:57,30.5,224.6,200.9,23238.0
VH-LAB,WA,8/01/2022 06:39:15,27.2,215.1,201.3,23248.0
VH-LAB,WA,8/01/2022 06:49:32,26.4,231.7,20.1,23264.0
VH-LAB,WA,8/01/2022 06:56:21,29.2,224.6,20.7,23284.0
VH-LAB,WA,8/01/2022 07:07:41,32.4,216.6,199.9,23261.0
VH-LAB,WA,8/01/2022 07:16:38,36.4,218.6,201.0,23258.0
VH-LAB,WA,8/01/2022 07:30:27,34.0,231.5,21.8,23255.0
VH-LAB,WA,8/01/2022 07:39:23,36.6,229.0,20.3,23264.0
VH-LAB,WA,8/01/2022 07:52:34,37.8,221.0,201.6,23278.0
VH-LAB,WA,8/01/2022 08:02:50,37.7,220.8,201.6,23278.0
VH-LAB,WA,7/01/2022 13:54:13,6.5,240.7,343.0,21145.0
VH-LAB,WA,7/01/2022 15:07:42,36.3,238.1,24.5,21253.0
VH-LAB,WA,7/01/2022 15:16:49,33.4,239.3,24.3,21266.0
VH-LAB,WA,7/01/2022 15:27:34,32.7,227.3,204.8,21263.0
VH-LAB,WA,7/01/2022 15:44:20,36.6,237.0,205.9,21250.0
VH-LAB,WA,7/01/2022 15:56:05,31.2,240.8,24.6,21250.0
VH-LAB,WA,7/01/2022 16:03:52,27.1,239.6,24.9,21253.0
VH-LAB,WA,7/01/2022 16:13:49,21.9,239.0,204.3,21253.0
VH-LAB,WA,7/01/2022 16:19:25,35.5,239.5,205.3,21240.0
VH-LAB,WA,7/01/2022 16:30:36,32.2,246.5,24.5,21243.0
VH-LAB,WA,7/01/2022 16:38:23,20.2,243.1,24.2,21247.0
VH-LAB,WA,7/01/2022 17:14:16,17.8,222.7,216.1,21243.0
VH-LAB,WA,7/01/2022 17:21:30,20.8,229.1,35.9,21243.0
VH-LAB,NONE,9/01/2022 15:20:06,33.0,240.7,19.7,27425.0
VH-LAB,WA,9/01/2022 15:28:24,32.7,228.3,19.8,27441.0
VH-LAB,WA,9/01/2022 15:36:56,12.3,235.7,18.9,27470.0
VH-LAB,WA,9/01/2022 15:42:54,29.8,227.8,199.6,27454.0
VH-LAB,WA,9/01/2022 15:54:51,18.2,219.6,199.2,27441.0
VH-LAB,WA,9/01/2022 15:59:47,16.6,221.4,199.2,27418.0
VH-LAB,WA,9/12/2021 14:15:58,19.8,202.5,178.9,10495.0
VH-LAB,WA,9/12/2021 14:26:52,16.4,206.5,183.4,10505.0
VH-LAB,WA,9/12/2021 14:36:12,18.5,175.6,3.2,10479.0
VH-LAB,WA,9/12/2021 14:47:51,18.9,209.2,190.5,10486.0
VH-LAB,WA,9/12/2021 15:04:47,9.8,202.8,56.0,10502.0
VH-LAB,WA,9/12/2021 15:14:57,11.4,185.8,340.1,10518.0
VH-LAB,WA,9/12/2021 15:21:08,10.2,192.2,158.2,10522.0
VH-LAB,WA,10/01/2022 06:24:46,23.2,235.9,70.7,27480.0
VH-LAB,WA,10/01/2022 07:08:01,35.3,251.8,29.4,27484.0
VH-LAB,WA,10/01/2022 07:16:26,35.3,253.4,29.6,27503.0
VH-LAB,WA,10/01/2022 07:28:52,36.4,236.3,208.9,27523.0
VH-LAB,WA,10/01/2022 07:38:05,34.0,239.2,209.0,27516.0
VH-LAB,WA,10/01/2022 07:50:07,70.4,257.3,29.1,27510.0
VH-LAB,WA,10/01/2022 08:14:11,35.2,243.1,209.0,25404.0
VH-LAB,WA,10/01/2022 08:22:55,34.5,241.6,209.5,25384.0
VH-ZMP,VIC,11/01/2022 19:01:00,5.1,213.5,294.1,16791.0
VH-ZMP,VIC,11/01/2022 19:37:24,10.7,218.3,317.3,11667.0
VH-ZMP,VIC,11/01/2022 19:45:31,9.2,184.5,129.5,11617.0
VH-LAB,WA,11/01/2022 21:59:03,8.7,218.9,132.4,12625.0
VH-LAB,WA,12/01/2022 03:39:26,6.4,231.8,197.3,11572.0
VH-LAB,WA,12/01/2022 04:02:43,5.0,187.6,311.8,12579.0
VH-LAB,WA,12/01/2022 04:09:19,4.6,220.5,82.5,12579.0
VH-LAB,WA,9/01/2022 17:49:58,22.9,233.6,71.2,21122.0
VH-LAB,WA,9/01/2022 17:59:19,24.7,235.4,249.5,21119.0
VH-LAB,WA,9/01/2022 18:29:07,28.1,231.6,198.9,21122.0
VH-LAB,WA,9/01/2022 18:36:22,41.7,229.5,199.0,21102.0
VH-LAB,WA,9/01/2022 18:58:13,34.9,254.0,19.0,21119.0
VH-LAB,WA,9/01/2022 19:06:33,37.0,239.4,19.0,21132.0
VH-LAB,WA,9/01/2022 19:21:55,30.6,219.1,198.9,21129.0
VH-LAB,WA,9/01/2022 19:30:16,41.4,230.9,199.4,21129.0
VH-LAB,WA,9/01/2022 19:46:06,35.5,237.0,19.7,21122.0
VH-LAB,WA,9/01/2022 19:55:04,38.0,230.9,18.3,21155.0
VH-LAB,WA,9/01/2022 20:09:49,31.4,235.3,199.4,21145.0
VH-LAB,WA,9/01/2022 20:17:55,41.7,230.6,201.1,21138.0
VH-LAB,WA,10/12/2021 12:41:05,25.3,184.3,179.9,10318.0
VH-LAB,WA,10/12/2021 12:52:49,24.6,179.3,0.6,10318.0
VH-LAB,WA,10/12/2021 13:09:16,24.6,178.6,173.7,10305.0
VH-LAB,WA,10/12/2021 13:19:47,22.5,172.0,354.4,10295.0
VH-LAB,WA,10/12/2021 13:30:12,24.2,181.7,173.9,10295.0
VH-LAB,WA,10/12/2021 13:40:54,23.5,178.3,353.4,10289.0
VH-LAB,WA,10/12/2021 13:51:20,24.1,187.6,173.8,10285.0
VH-LAB,WA,10/12/2021 12:41:05,25.3,184.3,179.9,10318.0
VH-LAB,WA,10/12/2021 12:52:49,24.6,179.3,0.6,10318.0
VH-LAB,WA,10/12/2021 13:09:16,24.6,178.6,173.7,10305.0
VH-LAB,WA,10/12/2021 13:19:47,22.5,172.0,354.4,10295.0
VH-LAB,WA,10/12/2021 13:30:12,24.2,181.7,173.9,10295.0
VH-LAB,WA,10/12/2021 13:40:54,23.5,178.3,353.4,10289.0
VH-LAB,WA,10/12/2021 13:51:20,24.1,187.6,173.8,10285.0
VH-LAB,WA,13/01/2022 17:55:19,5.9,274.9,78.4,24344.0
VH-LAB,WA,13/01/2022 18:29:36,29.8,258.5,57.3,23343.0
VH-LAB,WA,13/01/2022 18:46:40,50.9,227.2,238.3,23346.0
VH-LAB,WA,13/01/2022 19:02:34,50.7,259.9,58.2,23323.0
VH-LAB,WA,13/01/2022 19:21:38,26.5,228.9,229.9,23327.0
VH-LAB,WA,11/01/2022 03:09:02,3.6,214.4,194.1,11493.0
VH-LAB,WA,11/01/2022 03:33:00,5.3,193.2,289.6,11447.0
VH-LAB,WA,11/01/2022 04:55:34,5.8,248.1,1.2,28556.0
VH-LAB,WA,11/01/2022 05:29:57,32.6,242.2,23.6,22264.0
VH-LAB,WA,11/01/2022 05:37:54,38.9,244.9,23.8,22277.0
VH-LAB,WA,11/01/2022 05:49:55,31.5,243.7,202.9,22283.0
VH-LAB,WA,11/01/2022 05:57:41,36.1,243.2,203.2,22270.0
VH-LAB,WA,11/01/2022 06:10:26,31.4,247.2,23.9,22274.0
VH-LAB,WA,11/01/2022 06:18:01,39.8,246.8,23.1,22277.0
VH-LAB,WA,11/01/2022 06:30:24,30.0,244.4,203.4,22300.0
VH-LAB,WA,11/01/2022 06:37:48,40.9,242.0,203.2,22290.0
VH-LAB,WA,11/01/2022 06:50:37,5.0,249.4,23.2,22280.0
VH-LAB,WA,11/01/2022 06:51:51,29.5,250.2,22.8,22297.0
VH-LAB,WA,11/01/2022 06:58:56,36.7,250.5,22.8,22306.0
VH-LAB,WA,11/01/2022 07:10:23,28.2,240.7,202.7,22287.0
VH-LAB,WA,11/01/2022 07:17:26,42.8,242.7,203.3,22313.0
VH-LAB,WA,14/01/2022 04:12:18,56.3,261.2,62.8,23182.0
VH-LAB,WA,14/01/2022 04:28:10,55.0,214.1,242.0,23176.0
VH-LAB,WA,14/01/2022 04:47:15,49.3,263.4,62.9,23186.0
VH-LAB,WA,14/01/2022 05:07:39,19.7,199.4,253.0,23169.0
VH-LAB,WA,15/01/2022 03:13:03,5.5,242.1,355.8,25253.0
VH-LAB,WA,15/01/2022 03:47:02,28.2,222.5,282.4,21050.0
VH-LAB,WA,15/01/2022 03:59:49,29.9,248.9,167.4,21043.0
VH-LAB,WA,15/01/2022 04:11:16,28.1,237.0,30.5,21050.0
VH-LAB,WA,15/01/2022 04:36:42,26.5,238.3,210.5,21040.0
VH-LAB,WA,18/12/2021 02:22:07,9.4,290.5,89.5,19505.0
VH-LAB,WA,18/12/2021 03:05:52,7.2,293.5,87.1,19505.0
VH-LAB,WA,18/12/2021 03:24:35,12.5,248.9,111.7,19554.0
VH-LAB,WA,18/12/2021 03:37:56,9.8,184.1,333.3,19564.0
VH-LAB,WA,18/12/2021 03:51:00,16.9,246.9,119.5,19606.0
VH-LAB,WA,18/12/2021 03:59:04,15.9,174.6,299.8,19606.0
VH-LAB,WA,13/01/2022 23:18:48,37.3,231.4,20.6,23392.0
VH-LAB,WA,13/01/2022 23:28:31,31.2,231.8,20.2,23402.0
VH-LAB,WA,13/01/2022 23:39:20,29.9,231.5,201.2,23422.0
VH-LAB,WA,13/01/2022 23:47:07,34.6,230.2,200.8,23399.0
VH-LAB,WA,13/01/2022 23:58:56,31.5,229.9,20.8,23406.0
VH-LAB,WA,14/01/2022 00:07:10,36.0,229.2,20.8,23383.0
VH-LAB,WA,14/01/2022 00:23:40,38.2,233.0,200.5,23379.0
VH-LAB,WA,14/01/2022 00:33:33,34.0,232.0,200.9,23379.0
VH-LAB,WA,14/01/2022 00:45:29,28.7,232.1,21.6,23373.0
VH-LAB,WA,14/01/2022 00:52:58,43.6,229.0,20.8,23350.0
VH-LAB,WA,14/01/2022 01:07:00,49.2,229.8,202.0,23373.0
VH-LAB,WA,14/01/2022 01:19:49,16.7,233.5,200.9,23356.0
VH-LAB,WA,12/01/2022 20:21:13,5.1,230.3,345.0,24472.0
VH-LAB,WA,12/01/2022 20:30:34,5.1,233.7,343.8,24478.0
VH-LAB,WA,12/01/2022 21:06:41,8.0,247.7,3.8,24551.0
VH-LAB,WA,12/01/2022 21:30:48,43.5,240.2,23.0,24583.0
VH-LAB,WA,12/01/2022 21:41:39,36.4,239.8,22.1,24593.0
VH-LAB,WA,12/01/2022 21:53:48,36.9,240.0,201.3,24587.0
VH-LAB,WA,12/01/2022 22:03:00,41.6,240.6,202.1,24583.0
VH-LAB,WA,12/01/2022 22:16:28,43.2,239.1,21.4,24577.0
VH-LAB,WA,12/01/2022 22:27:19,33.6,238.8,22.7,24573.0
VH-LAB,WA,12/01/2022 22:38:48,37.2,236.8,203.1,24557.0
VH-LAB,WA,12/01/2022 22:48:14,39.2,239.9,202.2,24564.0
VH-LAB,WA,12/01/2022 23:01:09,38.5,237.9,23.2,24557.0
VH-LAB,WA,12/01/2022 23:10:48,36.5,240.8,21.6,24560.0
VH-LAB,WA,12/01/2022 23:22:48,36.6,235.6,202.1,24567.0
VH-LAB,WA,12/01/2022 23:32:04,35.8,239.8,202.4,24554.0
VH-ZMP,VIC,19/12/2021 17:23:12,3.3,223.8,316.6,26594.0
VH-ZMP,VIC,19/12/2021 17:54:50,16.5,266.9,53.8,10115.0
VH-ZMP,VIC,19/12/2021 18:03:42,11.5,185.1,318.1,10131.0
VH-ZMP,VIC,19/12/2021 18:14:05,8.5,267.6,62.2,10112.0
VH-LAB,WA,16/12/2021 17:00:54,21.7,209.2,88.7,15285.0
VH-LAB,WA,16/12/2021 17:19:38,22.0,218.6,103.4,15374.0
VH-LAB,WA,16/12/2021 17:28:38,22.4,178.5,282.4,15377.0
VH-LAB,WA,16/12/2021 17:54:18,13.8,159.2,359.5,14390.0
VH-LAB,WA,16/12/2021 18:16:21,4.3,182.9,282.6,14383.0
VH-LAB,WA,16/12/2021 18:19:54,7.2,172.2,300.1,14367.0
VH-LAB,WA,16/12/2021 18:35:31,22.5,180.8,282.2,15358.0
VH-LAB,WA,16/12/2021 18:54:50,18.2,204.3,237.6,15325.0
VH-LAB,WA,16/12/2021 19:05:50,8.5,182.1,354.2,15308.0
VH-LAB,WA,16/12/2021 19:25:17,18.7,174.6,298.7,15240.0
VH-LAB,WA,23/12/2021 10:22:31,4.1,185.1,116.9,16572.0
VH-LAB,WA,23/12/2021 10:32:08,19.9,242.3,269.7,21099.0
VH-LAB,WA,23/12/2021 10:49:44,23.8,231.4,94.5,21099.0
VH-LAB,WA,23/12/2021 10:58:27,22.1,245.1,274.8,21099.0
VH-LAB,WA,23/12/2021 11:06:40,22.4,231.9,95.5,21086.0
VH-LAB,WA,23/12/2021 11:20:34,13.6,218.8,144.0,21079.0
VH-LAB,WA,23/12/2021 11:26:39,13.4,260.0,326.1,21079.0
VH-LAB,WA,23/12/2021 11:37:05,9.0,227.4,120.9,21086.0
VH-LAB,WA,23/12/2021 11:43:05,8.1,254.1,301.9,21073.0
VH-LAB,WA,23/12/2021 11:51:28,14.7,220.2,180.1,21066.0
VH-LAB,WA,23/12/2021 11:57:49,12.9,258.7,2.2,21073.0
VH-LAB,WA,23/12/2021 12:05:58,14.7,240.8,90.9,21070.0
VH-LAB,WA,23/12/2021 12:12:01,15.7,243.9,270.7,21076.0
VH-LAB,WA,14/01/2022 13:33:16,9.2,231.2,343.9,25262.0
VH-LAB,WA,14/01/2022 15:08:53,21.1,187.5,290.2,10755.0
VH-LAB,WA,14/01/2022 15:18:22,9.5,222.7,109.7,10764.0
VH-LAB,WA,14/01/2022 15:27:08,40.3,208.7,181.0,10751.0
VH-LAB,WA,14/01/2022 15:41:34,36.6,208.2,27.1,10738.0
VH-LAB,WA,14/01/2022 16:00:52,19.8,204.4,181.0,10748.0
VH-LAB,WA,14/01/2022 16:09:59,18.6,198.3,0.2,10732.0
VH-LAB,WA,14/01/2022 16:22:34,25.2,199.4,202.8,10722.0
VH-LAB,WA,26/12/2021 22:55:21,1.7,205.9,86.9,10735.0
VH-LAB,WA,26/12/2021 22:59:28,6.2,201.7,269.2,10748.0
VH-LAB,WA,26/12/2021 23:40:45,7.3,212.9,90.0,15938.0
VH-LAB,WA,27/12/2021 00:26:56,4.9,203.9,268.2,10679.0
VH-LAB,WA,27/12/2021 01:09:56,6.8,210.4,90.3,10656.0
VH-LJQ,NSW,25/12/2021 13:07:25,9.6,342.9,301.8,23957.0
VH-LJQ,NSW,25/12/2021 13:45:44,14.9,305.1,222.9,23061.0
VH-LJQ,NSW,25/12/2021 14:19:36,21.0,310.6,201.0,23051.0
VH-LJQ,NSW,25/12/2021 14:30:55,18.5,325.0,21.1,23051.0
VH-LAB,WA,27/12/2021 05:53:06,2.0,222.2,72.6,10640.0
VH-LAB,WA,27/12/2021 05:58:07,5.2,203.6,269.7,10643.0
VH-LAB,WA,27/12/2021 06:42:00,6.3,210.9,92.0,10551.0
VH-LAB,WA,27/12/2021 06:48:25,4.1,199.5,207.5,10554.0
VH-LAB,WA,27/12/2021 06:58:31,5.2,208.9,56.4,10551.0
VH-LAB,WA,27/12/2021 20:50:24,14.5,207.2,268.9,10673.0
VH-LAB,WA,27/12/2021 21:32:40,12.3,216.6,90.0,10620.0
VH-LJQ,NSW,26/12/2021 07:01:53,18.2,287.9,41.9,15722.0
VH-LJQ,NSW,26/12/2021 07:11:30,18.3,251.6,222.3,15712.0
VH-LJQ,NSW,26/12/2021 07:21:56,16.2,285.3,39.6,15712.0
VH-LJQ,NSW,26/12/2021 07:58:37,17.6,258.8,202.6,15712.0
VH-LJQ,NSW,26/12/2021 08:08:27,17.3,282.4,22.1,15719.0
VH-LJQ,NSW,26/12/2021 08:17:34,17.6,256.2,202.2,15712.0
VH-LAB,WA,22/12/2021 12:56:58,4.3,242.5,3.5,16923.0
VH-LAB,WA,22/12/2021 13:13:06,14.0,232.7,349.3,17992.0
VH-LAB,WA,22/12/2021 13:19:16,5.9,234.2,347.4,17982.0
VH-LAB,WA,22/12/2021 13:25:27,19.8,234.6,359.5,18018.0
VH-LAB,WA,22/12/2021 13:33:18,19.7,217.5,178.5,17989.0
VH-LAB,WA,22/12/2021 13:49:34,18.8,236.7,358.7,17982.0
VH-LAB,WA,22/12/2021 14:22:46,18.0,215.6,213.9,17986.0
VH-LAB,WA,22/12/2021 14:30:44,18.6,253.1,33.8,17982.0
VH-LAB,WA,22/12/2021 15:04:58,29.6,197.0,283.3,15866.0
VH-LAB,WA,22/12/2021 15:19:38,24.5,237.2,103.2,15869.0
VH-LAB,WA,22/12/2021 15:30:34,29.7,203.3,280.6,15837.0
VH-LAB,WA,22/12/2021 15:45:18,8.9,229.0,335.1,15915.0
VH-LAB,WA,22/12/2021 15:47:44,12.6,223.0,334.7,15837.0
VH-LAB,WA,22/12/2021 15:58:59,27.9,227.8,155.0,15866.0
VH-LAB,WA,22/12/2021 16:10:30,17.5,213.6,334.1,15856.0
VH-LAB,WA,22/12/2021 16:24:16,24.7,209.2,276.2,15873.0
VH-LAB,WA,22/12/2021 16:35:49,21.1,237.6,95.3,15863.0
VH-LAB,WA,22/12/2021 16:46:45,24.5,208.8,276.0,15879.0
